0.17686766727516812, 0.2958213537654642
0.3571412623918988, 0.2788691138092962
0.4673469257976919, 0.26311848036877505
0.5598178614666836, 0.24790647862892268
0.6152253774731093, 0.23211053597090114
0.6858908730313757, 0.2164166504318462
0.7447077013308174, 0.20155171863460208
0.7949971214010105, 0.18758030732790265
0.8278663886361457, 0.17180102705665123
0.8822083754886094, 0.15530526415428703
0.9248596752598388, 0.13941389146294592
0.9780185810819759, 0.12284068633116174
1.027933774782639, 0.10518688754827799
1.0778242035029777, 0.08728940135888197
1.1276871155784889, 0.0691211513844725
1.1775252626736687, 0.050709214003550884
1.2273386447885102, 0.032053589216116896
1.2803136893929974, 0.013671189702651132
1.310035334682894, -0.0022431568855999506
1.35467467035037, -0.019624803351239395
1.3842605668591688, -0.035095829467244655
1.417349882586251, -0.04870983257772621
1.4504160843316924, -0.06255127726761911
1.4749040637771245, -0.07599921192329229
1.5080524485684137, -0.08903197544194474
1.542805970974122, -0.10323082832805552
1.5757070728506406, -0.1186968557280299
1.6085454367769785, -0.134780224557835
1.6173749777663247, -0.14966140218217994
1.6553765649263994, -0.16582058487178886
1.6864949268850893, -0.18578212422232665
1.7204402219325274, -0.20401993966150123
1.7620354829058869, -0.2187386590148379
1.8366875476321454, -0.2343446504636807
2.043494909141394, -0.2476840812436013
2.3016993112699495, -0.23893454293359173
2.397937990332629, -0.22276220886013942
2.468062466320468, -0.20572700118609433
2.5164644369802076, -0.18845643729892203
2.5670919076910863, -0.17063601464833766
2.619174566337449, -0.151740868051084
2.640773298076951, -0.13708352182235017
2.682531641031936, -0.12192977532109162
2.718795827238175, -0.10430305291670927
2.7551012884116375, -0.08627018483480653
2.7887291298929497, -0.06888714983693633
2.826446945399553, -0.05237548192901875
2.860735994537677, -0.03402110552057558
2.895856546651956, -0.014601093740064575
2.9366313459434394, 0.003921231953208482
2.974883734813467, 0.020553512819904918
3.0046345002822648, 0.038135360387190564
3.039737965137391, 0.05738723353756692
3.0822016514212294, 0.07434196945732485
3.124557272336311, 0.09023334214866574
3.1514532417081824, 0.10510565841277397
3.1856772438070493, 0.12115948937512311
3.24737720897312, 0.13796864580527624
3.2909952840229195, 0.15526916231628518
3.3551837783097795, 0.1701332736172111
3.405984407610447, 0.18432031135633953
3.4692857986218613, 0.19816470983297807
3.5476121782488974, 0.21337671157283045
3.7725851105294765, 0.22341277007692728
3.9713990983854686, 0.21156224257196043
4.019302170191693, 0.1983386550524412
4.074794070575571, 0.18337305466846132
4.143112396330821, 0.16771116848581713
4.200781780541334, 0.15234852362193896
4.249159344129538, 0.1365250880257468
4.287254741881796, 0.12128900156319955
4.34163123037353, 0.10513273479127538
4.3917197789365545, 0.08918474785397712
4.4417560458744205, 0.0727223097251527
4.484385832632434, 0.0566192489837104
4.537557996474348, 0.040176502766523514
4.587481445168457, 0.02260393311914377
4.637366370559825, 0.004652294172745264
4.687234785964307, -0.013461803044661602
4.737059174737077, -0.032009122318090166
4.786850543536062, -0.05088135813353489
4.83662265068368, -0.06994312859848917
4.88635348286406, -0.08941104474096373
4.9250041483659, -0.1088750928293667
4.9603171234702685, -0.12483777837213716
4.993419647186862, -0.1383218148658122
5.026499056921807, -0.15203329293889867
5.059558654672486, -0.16593972093719478
5.0840495692267, -0.1793587741224666
5.12231971884021, -0.19287530227034322
5.150195914484279, -0.2069044765178456
5.181608582673938, -0.22159792458458116
5.25061432424701, -0.23642593404750512
5.432540871615515, -0.2502644249506524
5.6731457134843595, -0.23972826762908872
5.755289502262194, -0.22293008240684775
5.816378340614804, -0.2057466389990733
5.863862478055253, -0.1891712536913578
5.899811323511869, -0.17464748426323073
5.935803094934407, -0.15970132333048248
5.9718344903254845, -0.14436526254731485
6.0026432265300045, -0.12953823767997252
6.040380653899824, -0.11437546571921342
6.0833825657563025, -0.09829209688940832
6.122315866509929, -0.08266902649412622
6.151621343392897, -0.06670134764519053
6.1860851905740475, -0.05137119443551397
6.224831878445549, -0.03501460033174064
6.26103552803319, -0.01798355825438802
6.297244680949788, -0.0008983634200327995
6.333464840524314, 0.016295136928327958
6.36967124177643, 0.03335325538418188
6.405888649686474, 0.050519679354041336
6.442106057596526, 0.06768610332390079
6.483248098263076, 0.08547320120094493
6.517496161070113, 0.10283124261866006
6.543377216520554, 0.12005181934552211
6.585619118647145, 0.13713701417987745
6.628429764807009, 0.1536511435767497
6.653485254205883, 0.16891565708096834
6.698164947619098, 0.18454775293575088
6.7413670805893275, 0.20105942084366835
6.802081556775974, 0.2177163165999113
6.88280438601538, 0.2346661295417598
7.073945457249366, 0.24925813144371034
7.28882623863403, 0.23945864853649979
7.348739146618733, 0.22595656112382378
7.404225967006646, 0.21094097357953367
7.4663746376606, 0.1962447484483364
7.511410579902062, 0.1814610457865964
7.54947067168235, 0.16587754855989312
7.596323243572314, 0.14892508478378574
7.649385090683637, 0.13139682193759017
7.693803517082067, 0.11184142826457266
7.723378999599134, 0.0962679284699316
7.756471617323598, 0.08268641701365165
7.789557631053299, 0.06903992224896849
7.822643644783007, 0.05539342748428533
7.855719752520571, 0.041649457756997244
7.888795860258149, 0.02790548802970927
7.921868665998339, 0.014129026648219578
7.954931565746399, 0.00025509030412507183
7.987997767491834, -0.01358635438576794
8.012491984043429, -0.026972915916838036
8.050791851633335, -0.040197019176899995
8.078737389222347, -0.05354386868616823
8.113556217798426, -0.06710010885584683
8.146572889583183, -0.08142892835876414
8.179573051381055, -0.09592020613268948
8.212569911181546, -0.11044397556081664
8.24554365700039, -0.12519518656835515
8.2784942888376, -0.140173839155305
8.311421806693147, -0.1553799333216661
8.34430639858278, -0.17100841899264863
8.377138158514356, -0.18715677113085694
8.385977605495839, -0.20194047379259705
8.423995152309907, -0.21794261348689814
8.455132352586979, -0.23771878378461897
8.49491655266499, -0.25503725203375505
8.7144649825102, -0.26422968253496537
8.950923766428595, -0.248362924733171
9.026136387543104, -0.22909808142945665
9.090893666363918, -0.2097384708009874
9.147696669357572, -0.1919222137470955
9.177925354689329, -0.17714934163675589
9.213794952208865, -0.16340537190946802
9.258495614716537, -0.1475669401651828
9.299818587906103, -0.13104368432464797
9.335754225373208, -0.11664988151332734
9.371703070829824, -0.10212611208520028
9.407655218283814, -0.08756985100287151
9.443630479719467, -0.0727861483411315
9.479618949144623, -0.05787247906258486
9.51563053255142, -0.04273136820462686
9.551658625945116, -0.02742779907566084
9.58246332637507, -0.012640486230120485
9.620191581529944, 0.0024320311356340607
9.668996753778643, 0.019084003913967584
9.69059640273963, 0.03375037560220173
9.73237584178898, 0.04911170767197093
9.771556792345969, 0.06717165213237497
9.805410520466104, 0.08420761718763681
9.836705200618127, 0.10047559768904213
9.87750853255362, 0.12036590533613789
9.907246478179786, 0.14242464409578504
9.926568424266733, 0.16387806214748535
9.963452920313777, 0.18586908020661697
10.006868132175434, 0.2060193210873258
10.038918769606013, 0.22330143503805455
10.098798067516391, 0.24083329544503018
10.152810362630639, 0.2569716501511765
10.309421896947747, 0.2715712334391074
10.42976119018622, 0.27617421778433776
10.583057919377708, 0.25815611863616306
10.648842712599127, 0.24247151101701425
10.699129130853535, 0.22847056184285885
10.75848913772169, 0.2127830004369644
10.811181311217432, 0.19418694368223344
10.856769487505268, 0.17609992284332798
10.909840590215303, 0.15866273508845508
10.959618200691878, 0.1396551173805035
11.004025408765884, 0.11998933539513446
11.033601653282346, 0.10442333367453982
11.066697573004184, 0.09087431387246148
11.099763774749619, 0.07703286918256858
11.12425395552664, 0.0636065956296965
11.162541348904227, 0.05025974612042827
11.190433320758004, 0.036385809776333766
11.225200051153223, 0.022316923507029407
11.258120965014015, 0.00704584603226488
11.291008858901023, -0.00855014798451581
11.323850524824742, -0.024601025160119194
11.350228981152974, -0.041032940825905584
11.365488711764023, -0.05585799650208412
11.403516714903127, -0.07175724595807997
11.436176220638146, -0.08960057939047317
11.468755928103185, -0.10822912779940586
11.496633541271386, -0.12686998365311164
11.51247712505522, -0.14443024585571806
11.548079732501044, -0.16360032183467765
11.580333171177521, -0.18543935512305676
11.609903827698425, -0.2066517636518329
11.64252865036574, -0.22763208893631182
11.690576703644155, -0.2478161901672783
11.750567646011348, -0.2669701988447096
11.838008346583436, -0.2844067915143408
12.066208327059314, -0.2927275709076419
12.268464344801373, -0.27583399352114235
12.323804296861447, -0.2596781433088874
12.368459408738623, -0.24428792976871694
12.404773124905532, -0.22617383255131018
12.443815645572442, -0.20730159673586546
12.478915877702853, -0.18808153359659552
12.519638607035674, -0.1700715762965016
12.555850511616754, -0.15295930508364497
12.596987683953841, -0.13522011156856473
12.631259876741716, -0.11762463113937616
12.66744976800694, -0.10072897095453026
12.69808329822937, -0.08454221958862906
12.736827484587707, -0.06821024037440238
12.77303113417534, -0.051179198297049755
12.809232032098492, -0.034175232598198546
12.850375342764039, -0.01637563793107666
12.884649652216908, 0.0012406704815743907
12.920842295146613, 0.018163407044921476
12.957034938076319, 0.03508614360826867
12.993224829341543, 0.05198180379311457
13.02386736501137, 0.06825716876138377
13.062627310902649, 0.08474422177975471
13.098861228799578, 0.10207310402062209
13.135108905018924, 0.1195373681539964
13.171384097883085, 0.13727239607238428
13.20768405572759, 0.1552511113972842
13.243275184801561, 0.17190849945131814
13.274296349504091, 0.18882582073896503
13.31062382399341, 0.20707529984887862
13.349611946370182, 0.22541225648933505
13.388440895539986, 0.24591056272796563
13.430007539202741, 0.26523536086979016
13.485888841802684, 0.2818750262033504
13.636595432791005, 0.2950890021945704
13.613663532713218, 0.3056766397994147
13.839997842337112, 0.27138711406529814
13.810205020659275, 0.28917087946498843
13.899596693682291, 0.2529101933759732
13.952285565180652, 0.23428164496704063
13.997863535294776, 0.2160941953787846
14.050909622873156, 0.19841085872844488
14.089546923147516, 0.1788152968016068
14.11624514433008, 0.16288665013466652
14.154504287285661, 0.14926181647278447
14.182351131841926, 0.13494382752126766
14.217050721623785, 0.12021427761653025
14.249905595537015, 0.10429336705773329
14.282720845481705, 0.08798255664851684
14.291563594460563, 0.07323134564097833
14.329639476561645, 0.05780322517090586
14.362351263921823, 0.04047434293003849
14.39503553463718, 0.022874696904157332
14.427703295365646, 0.005112592607268152
14.460351794442737, -0.012839046339130467
14.492983783532935, -0.03095314355653722
14.525593759307284, -0.049283851801954826
14.558176218436813, -0.0678853238323861
14.590744919243924, -0.08662217775532421
14.62329711006415, -0.10552148994927024
14.651214747443007, -0.12376850757022917
14.689791082267938, -0.1426931920349388
14.716288110320207, -0.1618723565885002
14.750734947211846, -0.18011691272050456
14.783281634703108, -0.1990703776714533
14.815847583845752, -0.2178343079728926
14.848274949159027, -0.23539210868654437
14.889925143361502, -0.2521400795341101
14.939931141990073, -0.26890035782644917
15.022657817971755, -0.2855065090411649
15.1549623214934, -0.3013417273251445
15.369455105772595, -0.30634983943892913
15.558308848664836, -0.28989538171640017
15.614667339916195, -0.27241487175592505
15.658170393374768, -0.25531426421380743
15.700454432528517, -0.23775513808302617
15.73605689153289, -0.2195234574317081
15.768606965688129, -0.19930365108623427
15.804038304698501, -0.17775739973681493
15.843216503591009, -0.1556862832041387
15.879749488107628, -0.13460693573542637
15.91302481635369, -0.11246928867271799
15.952146743707544, -0.08933658470008499
15.989069265641064, -0.06523183873925331
16.0259959150713, -0.041086478210669575
16.06293494699171, -0.016819273978829763
16.09987397891212, 0.00744793025301016
16.136800628342364, 0.0315932907815939
16.17371489528243, 0.05561680760692167
16.214729223231757, 0.08007752830863868
16.248717701980205, 0.10461828359974956
16.280891538934178, 0.12894060760211
16.324605856725007, 0.15173118219210802
16.35572187523318, 0.17473063170197367
16.39477271136967, 0.19554849871544444
16.436330706944048, 0.2168073238930801
16.464689718452973, 0.23594364230923293
16.531260772998145, 0.25442801779367774
16.580765182501175, 0.27311458701368463
16.638484096672357, 0.2898477889275223
16.823508768096097, 0.3046169120008385
16.87169591650217, 0.309099094041986
17.051176407327993, 0.28779623255645803
17.12833595806331, 0.2677263876919149
17.201887399330133, 0.25085780388557044
17.25755632346234, 0.2332852342381907
17.295972311293376, 0.21555020631980293
17.325715052677644, 0.19727365083138793
17.351603812788632, 0.1806487544315557
17.3743443018438, 0.1669661578288707
17.407117543044066, 0.15024198137453348
17.429612400183146, 0.13131559280208605
17.450816726680245, 0.11382425229021043
17.486408327468133, 0.0945458707972453
17.51872780609218, 0.07335667059289896
17.550964734781772, 0.05135517903351172
17.58049420704966, 0.0297375174550778
17.613035209783526, 0.007932404025480788
17.629053041827284, -0.012135060498095318
17.65891410478426, -0.02924733171095184
17.69337280599548, -0.0495778239113982
17.72552954332017, -0.07236839850139631
17.75773816917509, -0.0946483899539402
17.78999868356025, -0.11641779826902998
17.822320520753856, -0.13758379014894673
17.857194644682842, -0.15867242094743106
17.905271049176847, -0.17963370350417263
17.939025082376148, -0.19975353552902608
17.976898992304257, -0.21847372706519386
18.017761971859052, -0.2351794360408611
18.050742321672658, -0.2498656637399962
18.095149983867522, -0.2646641353354643
18.15724683196521, -0.2824965678882013
18.221816604506344, -0.2993071308834713
18.390777809139024, -0.3160895625764023
18.550882656561235, -0.316798471395347
18.680480973660167, -0.3012774581190315
18.745122652334672, -0.28622382479161634
18.80173539738415, -0.269285675520507
18.85480750069945, -0.2523173067388461
18.889812875450637, -0.23628415228371635
18.920621978543764, -0.2214535172325739
18.970749634095945, -0.20617915777253648
18.997369736595942, -0.19093761816522803
19.031848592856093, -0.17545977561827142
19.070628050550063, -0.15878072646143637
19.106903243414223, -0.1410456985430486
19.142488318826338, -0.12444787852171768
19.173526543848645, -0.10736268368736235
19.209911803292087, -0.08854460062892033
19.24771692160816, -0.06988897584148646
19.288798879227173, -0.05129523991919838
19.320470930508144, -0.03241526799561045
19.35673983385349, -0.012723004716981845
19.393420307586332, 0.008999986949248528
19.428843119460623, 0.03046233127957576
19.461319533674356, 0.049957323800551734
19.502000300123818, 0.07190324927548686
19.539056965700823, 0.09732796868825977
19.579256720032227, 0.12187947489436368
19.61741240040329, 0.14469132378175564
19.654006171269394, 0.17088214543330205
19.579718999665175, 0.15822951303243338
19.66783730242652, 0.19270020435361357
19.68841775154018, 0.21018662188757986
19.711944571148656, 0.2321766954477823
19.73011554596461, 0.2570505584542375
19.74671201373939, 0.27498285713027815
19.79212379101577, 0.29129533377817163
19.842579003681607, 0.30860679625105225
20.02606451406684, 0.3236770162271159
20.240936636880598, 0.313792332982221
20.30956608416659, 0.3012577748279935
20.382177006513523, 0.28644158051205176
20.441121215711817, 0.2715254118754896
20.511721517988505, 0.2551900244457873
20.570508995200136, 0.24003627794452875
20.620787408612415, 0.22595656112382378
20.65365808695754, 0.21019116617488076
20.707997745478515, 0.19367249249070762
20.750607269979888, 0.177370051143937
20.803656609525383, 0.1597187138500079
20.84231317145111, 0.14031268657267926
20.868998551532762, 0.1242576834727327
20.90212125412223, 0.11097220708806765
20.93680029814262, 0.09604048689052014
20.96315984303132, 0.07942248265976093
20.97838235112647, 0.0642311574271277
21.016305240682364, 0.04729759031238012
21.03880835281489, 0.028452430875436696
21.061574143072185, 0.01001758271270603
21.097786350033978, -0.011075213682470664
21.105577991769493, -0.03022208133700066
21.129489455814102, -0.04505993675574338
21.155921621101477, -0.06542774430135134
21.176549922690512, -0.08737785486440741
21.187141229371925, -0.10342577825326538
21.199342109684423, -0.11905426392424767
21.224342293834276, -0.136594758477095
21.24043216505892, -0.15570484986368238
21.245708756869305, -0.17162576042247946
21.25302818439102, -0.18629032701881365
21.26882273851681, -0.20047834935352382
21.288796820839202, -0.21636972204486482
21.315139601741215, -0.23469456058585225
21.330647136094903, -0.2517068574780884
21.346467372422524, -0.265642166946786
21.364188091685605, -0.27972188376749074
21.40046016599669, -0.2940543134542083
21.430671410008962, -0.31119990944060516
21.629348475707644, -0.3244620201794547
21.82627537018513, -0.30542639242477765
21.905264722272783, -0.2869947631322186
21.961581788466113, -0.2724916702113106
22.007370586109815, -0.2582810021782175
22.05541254669177, -0.24348548436949502
22.108870133185846, -0.2262821380653156
22.16916566364452, -0.20702666735415942
22.22009008321053, -0.18865638594016287
22.278174545424804, -0.17158785349257766
22.310863769136233, -0.15521747505065797
22.346885258535167, -0.13997888923009527
22.386380449175988, -0.12448037017591929
22.413606885113744, -0.11098189294704364
22.455359724739772, -0.09588229920278768
22.48898281334607, -0.0785460324950561
22.533622565932404, -0.06073715990802819
22.553587892958724, -0.04416395477624413
22.59856502270143, -0.02619811493203006
22.631143036834487, -0.00570337920485009
22.663604211060324, 0.013641651835195168
22.704345461211766, 0.03618273693757357
22.741327831847762, 0.06087639413080981
22.778236182709193, 0.08484169674235964
22.82157668688017, 0.1084969748200687
22.834299695528095, 0.12768735808290443
22.86249575132225, 0.143017511292581
22.875429374871132, 0.1592692459668854
22.890767519581537, 0.17451144197124846
22.909467831400157, 0.18891607533396948
22.937736264308555, 0.20495841934786352
22.947228005863025, 0.2212633221835889
22.962631823632393, 0.23715174108818426
22.994320492107953, 0.2529279160964468
23.018864838983376, 0.2719735110625561
23.06053477589745, 0.2924700320454613
23.17014144620309, 0.3116117819669118
23.296333832151255, 0.32332949679522016
23.502813829727877, 0.3032235199071919
23.57640379429745, 0.2839072314843249
23.649953584565587, 0.26702240185087966
23.708800681174317, 0.2524553102171504
23.759123121218302, 0.23880881545246724
23.79829081375552, 0.22333097290551052
23.842081995348956, 0.20709196223564874
23.88883458368195, 0.18915566025889063
23.936458160414283, 0.1703014122473454
23.95742640820994, 0.15483594026026348
23.990582130773184, 0.14187538041761472
24.025310337865648, 0.12742742484929137
24.05817181577364, 0.11157149759889762
24.0845289592097, 0.09492986307417361
24.09977698273913, 0.07998960971491653
24.13777691890052, 0.06381418119820681
24.170375888016935, 0.04537516743878378
24.202917072179233, 0.026367549730832218
24.22539817099591, 0.007305779265878054
24.246610752486454, -0.010104332110493663
24.28221139445764, -0.029293748359811356
24.31450021167747, -0.050784656781744375
24.346732423227948, -0.07283256498999102
24.371546933525224, -0.09518218141582413
24.39140481918664, -0.11505029238340103
24.41286723770103, -0.13145163509406832
24.445843918628647, -0.149942996518594
24.46082324629063, -0.1683838153699172
24.494816942410736, -0.18817484296250786
24.506658638786206, -0.2073376985738673
24.522464199569924, -0.22141741539457205
24.538313786985363, -0.2350639101592552
24.54886843816051, -0.2499306470483994
24.567996908972518, -0.26523421617736564
24.60470594760332, -0.27903594884545646
24.630576363284426, -0.2939568384916035
24.687309080905322, -0.30954200195698356
24.85250970306935, -0.32023508866667283
25.070139905270977, -0.302095997869111
25.13492014083547, -0.28372196741809097
25.216548564022496, -0.2672112083676338
25.265722162978662, -0.2517176880294888
25.31378153409225, -0.2367508505895214
25.3784273526336, -0.21848800911099686
25.4223932333091, -0.20106910670264444
25.4768363087826, -0.182979272733505
25.510652954948057, -0.16520685362575804
25.554539168385233, -0.14967321732916228
25.587845215212965, -0.13494268282884314
25.621908920348197, -0.11892429730744114
25.666557678381928, -0.10102681111804512
25.69274251759117, -0.08364377612017493
25.728967757161655, -0.06531306787475721
25.76813452606325, -0.045218229430059154
25.803328738119042, -0.025073403825050633
25.8334425913515, -0.005528424143764532
25.87394512704963, 0.017459421203886327
25.911003856374997, 0.04290444790053505
25.951095810203746, 0.06826585636945914
25.983704699186248, 0.09196974678554493
26.02507919804917, 0.11384591339301153
26.04085100508192, 0.13335534664918813
26.059529303584682, 0.14754336898389842
26.08516564434054, 0.16235595311604
26.096984960511556, 0.1768941632793677
26.11566325901432, 0.19108218561407797
26.134352564175018, 0.20537851346279368
26.154785257244384, 0.22141101152086906
26.172006340944584, 0.2366788070103606
26.19759865506873, 0.2510581690864805
26.231671966014524, 0.2697408702524158
26.27362439303763, 0.2896311778995115
26.304847529913125, 0.30570913145361633
26.476503299270618, 0.32012271179358137
26.503561732134038, 0.3275435230771093
26.696473159550607, 0.2992624050052583
26.760846763849734, 0.2812104241855899
26.828362704242075, 0.26559966123508116
26.862596797060206, 0.24783149788845737
26.909468765298406, 0.23106989417898893
26.957153301982338, 0.21281549209116601
26.97812296088798, 0.19736390542639248
27.011267676793302, 0.18429504006973818
27.045957727471624, 0.1694716253861961
27.07234128688671, 0.15308992409508515
27.087595914410905, 0.1382146540442314
27.12559474990649, 0.12202839497612106
27.158199222351875, 0.10364353397370074
27.186116109276774, 0.08538913188587793
27.215399976934478, 0.06635311238229546
27.234436838485877, 0.04819111080292482
27.270042590691105, 0.029051979256537908
27.30236206931515, 0.00786277905219157
27.33462022513075, -0.013929837587327576
27.366819416707443, -0.03630266233759083
27.39629863330095, -0.0584148397519505
27.4115081412246, -0.07835971671571818
27.432995113052833, -0.09451945481821944
27.466018021943746, -0.11255593308392242
27.48103550601987, -0.13062129282002677
27.513993842517614, -0.14929316343456145
27.528976839065564, -0.16769788044788292
27.55947445373934, -0.18796906248589762
27.587221914649042, -0.214239520544801
27.606540757479806, -0.2336559384771849
27.617133931957717, -0.24814360606731
27.647014214232776, -0.26593653577972376
27.694293906026033, -0.2860397054178071
27.74006069035387, -0.30493901761175335
27.819244946052997, -0.3213008863347152
28.027289649436938, -0.33364771493133316
28.282229948538138, -0.3239033131141026
28.385596675071028, -0.3079666490259957
28.456605128084256, -0.292808800043146
28.522906483774314, -0.27642759104982584
28.570661620856725, -0.2600857658797805
28.61967977193632, -0.24287995808664642
28.664573177957628, -0.22514493016825865
28.705209759025514, -0.20689545105834506
28.731234451361907, -0.1910882612892537
28.77120843162257, -0.17330140144630612
28.808077772348305, -0.15251566903589198
28.83774918212255, -0.13235418104411356
28.873369871934955, -0.11298296625342952
28.913827889632714, -0.09043317802938988
28.950816451513795, -0.06567859898452566
28.987883435832607, -0.040152343152372816
29.031647971500234, -0.014680240077222462
29.065446115997844, 0.010717402957048816
29.081025673405456, 0.028335099901930727
29.12511524062056, 0.044683678387826054
29.136220394025287, 0.06263184600364768
29.154906030300005, 0.07689207201436155
29.173606342118624, 0.09129670537708268
29.192328667253093, 0.10591794976781466
29.217945562913286, 0.12053919415854653
29.23670090802154, 0.13548535509129478
29.25546946111931, 0.15056148264084956
29.274214900235428, 0.16541016861099278
29.286068703934625, 0.18028773605153758
29.31172228845456, 0.19526999882228768
29.323557380835275, 0.20996344688902324
29.342268699311823, 0.2244763857657498
29.367379555535422, 0.24028570882526845
29.387869950175137, 0.25688599033555404
29.393730695339883, 0.2729250523641751
29.436480711967803, 0.29137567028581307
29.50226430116421, 0.31151514012364545
29.66204668429699, 0.32469925365545926
29.87694702366612, 0.30619150755060975
29.960375321174055, 0.2856171047866855
30.025272514986597, 0.26890790239015583
30.08332037813902, 0.2516159424836084
30.115626570154568, 0.2359495498827241
30.163728035962002, 0.21871397700776896
30.18469261487168, 0.2032124031826852
30.222918370964877, 0.18925904279498673
30.250710549120107, 0.17440313645724304
30.285329423410502, 0.15887934611646592
30.294178776384108, 0.14419311841733073
30.33221943717983, 0.128418420302441
30.364895452901735, 0.11073754514105583
30.397546703643307, 0.09281298257315851
30.430137417766282, 0.07429273967823136
30.458077318612304, 0.05626479457423794
30.496643031627492, 0.037235591501606935
30.523102652436727, 0.017688339676670495
30.552378207373764, -0.001429476998328516
30.571427133915584, -0.019472759071962553
30.60706472680981, -0.038298578238547765
30.639447886811865, -0.05886115368329159
30.67179095113147, -0.07981827064334068
30.70410335404685, -0.10107709582097613
30.736373302710234, -0.1227536708383472
30.768593721412934, -0.14491762066874248
30.798089992278612, -0.16686198404491792
30.813299500202262, -0.1868068610086857
30.83476784537862, -0.2031498853656576
30.865388826343327, -0.22220714310086165
30.893154496797393, -0.24829841924321172
30.90311827388615, -0.2749654666107527
30.924160252178822, -0.29970786128529137
30.984730676943045, -0.3199315951933609
31.193331573911337, -0.33341352183936046
31.460686396843734, -0.32331846333847325
31.572053412751643, -0.30729466254137117
31.640204387276142, -0.2919866627322866
31.715663175154077, -0.2752555706661245
31.759652641525136, -0.2576045850134746
31.815400005963028, -0.23879529298701352
31.853074852620622, -0.2218253661639924
31.887127751218998, -0.20591331696543225
31.924905603041566, -0.18881089170839427
31.957919323040784, -0.17104632592255042
31.99412932262338, -0.15286557915806342
32.03323005157739, -0.1334205737973977
32.06706645328272, -0.11265804971141324
32.10247801659452, -0.09130639123605866
32.14033069939663, -0.07016360768057162
32.17194496572347, -0.049833115480125256
32.212413891805426, -0.027175988755598235
32.249390071196345, -0.0025432534139900875
32.28641990804465, 0.022617471308394532
32.32351784858889, 0.04844833639868762
32.36360773866929, 0.07378943758373557
32.40501001820229, 0.09481171160434954
32.41607237648948, 0.11115271627807666
32.43475801276419, 0.12541294228879052
32.453399622407204, 0.1392399462434828
32.47202655650631, 0.15292254284616769
32.49597374215891, 0.16807448425552618
32.51135114394924, 0.18370296992650859
32.5316446194726, 0.1999074440128834
32.5473561233613, 0.21573974096931237
32.56961158569045, 0.23120576836928664
32.584294467365595, 0.25130727176869294
32.60384622279388, 0.2748977599407025
32.64302159140291, 0.29774867617421785
32.757146168216565, 0.31748503526926297
32.92346463139782, 0.32260633886009077
33.09927838113502, 0.30405205708933336
33.175421706899456, 0.2900734254150336
33.21482487520929, 0.27691266447073837
33.28457656800826, 0.261715431664614
33.343302591379796, 0.24595697937682504
33.37979202097863, 0.22945586070728474
33.422692514344206, 0.21304293367057736
33.476141945905354, 0.1962447484483364
33.5147682395218, 0.17654088100749288
33.54144811627448, 0.1604317251505436
33.57454513666211, 0.14689353589986587
33.60922564823689, 0.1319762564375191
33.6356074065625, 0.11557683242593453
33.65088694915781, 0.10094672667496574
33.68890889863506, 0.08498790918626686
33.72155739771216, 0.06703627023986825
33.7541508634996, 0.04854310372344228
33.78668654433295, 0.029481333258488118
33.81455164993531, 0.010717402957048816
33.83039673462706, -0.0068280903118295155
33.86602764490753, -0.025719666397632457
33.89836835065759, -0.046699991682111364
33.930635940751415, -0.06839977502391192
33.96020460155961, -0.08963182136566705
33.99275122857473, -0.11138159186777785
34.00877338466266, -0.13140650779656604
34.03345006158453, -0.14813724822144914
34.05856239489209, -0.1664549457395349
34.07720452866167, -0.18358268916867804
34.11016286515941, -0.20225455978321283
34.12513485504944, -0.2207675823105395
34.15562696639425, -0.24109291710555703
34.17087852539562, -0.26062401146453495
34.18672811281105, -0.274270506229218
34.19728496531779, -0.2891155820155612
34.22231905844072, -0.3056700798312898
34.3502370610405, -0.32607213103206123
34.4656911242033, -0.3334341983465797
34.6402357216149, -0.3128494857308416
34.699812644310825, -0.2967511207529433
34.77496335297448, -0.28092226988105107
34.82882168187764, -0.2654291661025753
34.880151231121985, -0.2493782889269719
34.93886074450663, -0.23159535664662012
34.968431965471524, -0.21459416801223052
35.018892905961096, -0.1986100792369303
35.04050723046599, -0.1837993001966889
35.08229951061625, -0.1683116116939135
35.117891740356015, -0.15164339308847907
35.14893656937309, -0.13449321494572053
35.185332835474455, -0.11556682637327309
35.22315996710638, -0.09669459055782836
35.25934753004012, -0.07873462041804469
35.298399999032455, -0.05976449308032583
35.3321993893386, -0.039366161162315616
35.368835050249885, -0.01808412766025025
35.40421123501835, 0.00291940594865836
35.439615722621454, 0.02420143945072384
35.473555719958824, 0.04598334455589115
35.51541150005866, 0.0681843086883257
35.547218382899246, 0.0896024976937122
35.58768259184208, 0.11221320776937971
35.62468972745842, 0.1371505523691281
35.66580517907745, 0.16260632998077018
35.69980383898448, 0.18654057439345073
35.737826181556656, 0.20854516039609505
35.760895993628836, 0.22850009971031482
35.775203848450204, 0.244397379975147
35.7923700322748, 0.26066683736992513
35.834639801258064, 0.280853015989372
35.8651884134469, 0.2987739683734692
35.97998051785753, 0.3137717033605057
36.11377144799117, 0.324084638798009
36.286436142865085, 0.3026278395801621
36.327680841783476, 0.2872863635212941
36.370854457503626, 0.2711380113830857
36.40278627305885, 0.2538435899875835
36.42790746887019, 0.23891712096647266
36.453969033510646, 0.22399262113652552
36.47147952560731, 0.20972878494201141
36.50944479079622, 0.19321219405618462
36.54217558965645, 0.17607038497587202
36.57206717107407, 0.1592584154154849
36.61555913320811, 0.14145882074836302
36.65574418730118, 0.12330098476568485
36.688602363211785, 0.10741256586108938
36.721483653104045, 0.09175158853590548
36.75437154699105, 0.07615559451912468
36.78725944087806, 0.06055960050234399
36.82014733476508, 0.04496360648556319
36.85303522865209, 0.0293676124687825
36.8859231225391, 0.0137716184520017
36.91880771442872, -0.0018568672189805957
36.95332229229689, -0.018406934354590954
36.98618350337679, -0.034265487193203104
37.01902603649175, -0.05030783120709714
37.05185289345752, -0.066504428528817
37.07890725864303, -0.08296686665764108
37.09514758241488, -0.09842206350621485
37.13321410885672, -0.11394224366319172
37.16591213789448, -0.13140650779656604
37.198544126984686, -0.1495206050139728
37.23110457279836, -0.16833868807241492
37.253563658299186, -0.18761706956537993
37.27629896858069, -0.2063518406899717
37.30258141628384, -0.22823550537148496
37.31631536680766, -0.2485659975719311
37.31599342206327, -0.2658678034342973
37.31460658316442, -0.27951429819898055
37.31480635400581, -0.2945091966130312
37.33366516169859, -0.31246625083513
37.46087846302456, -0.3327356277812449
37.67702791897331, -0.3355972141834308
37.85953874834543, -0.32055821995296363
37.95222152644361, -0.30394949905197655
38.00891206855255, -0.2883411975904223
38.030509883070536, -0.27369287682118915
38.07434740038475, -0.25863841037443536
38.105613813438026, -0.2413636808905707
38.14044946244516, -0.22257267421062987
38.18052402662599, -0.2052871141753646
38.21152813100872, -0.18853766643442604
38.24786386049149, -0.17020695818900844
38.28419683830977, -0.15190332632209214
38.320546326114936, -0.1334372361841677
38.3568985655846, -0.11494406966774195
38.39325355671873, -0.0964238267728148
38.42962505783976, -0.07774112560687951
38.46599655896078, -0.059058424440944224
38.502387321733195, -0.040186188625499386
38.53878909116352, -0.021205647296049124
38.575196363922814, -0.0021709532095963713
38.61162564999796, 0.01708035190486734
38.64328755228266, 0.03567690095738929
38.68702400846499, 0.05448116180862428
38.72693572248937, 0.0735191288639071
38.763462889201094, 0.0937335794422045
38.79511362264182, 0.1134910045548091
38.83424991156764, 0.13328592003764628
38.8637936864432, 0.15219148062663113
38.90096261993108, 0.1730673684511762
38.94553738320539, 0.196853966964617
38.980483522124814, 0.22059182799675525
39.00063946445432, 0.2408395438400689
39.02123292143645, 0.25973885603401503
39.03144034590753, 0.27794648983169923
39.06974437315645, 0.2969224598245193
39.23124198852986, 0.3179895640612136
39.29366696679048, 0.32572399044181827
39.48089296979971, 0.3023570757951485
39.54052937078174, 0.28577175256389514
39.606016106785276, 0.27000080348602873
39.65505406984913, 0.2564355378568497
39.68582995541307, 0.2412581863076667
39.73273355817163, 0.22480786627831184
39.785799407704005, 0.20731898725539077
39.82440643966906, 0.18742558516503782
39.85104045534705, 0.17086515633306598
39.88410812464687, 0.1570381523783737
39.91874827847593, 0.14172375269800708
39.93583941690555, 0.1264172297822953
39.96090457882201, 0.1109393872353387
39.998381998913416, 0.09424803063373033
40.03103875298396, 0.07637762082283583
40.06366523874519, 0.058209370848426256
40.096258704532644, 0.039716204332000626
40.12879438536598, 0.02065443386704624
40.15670101608691, 0.002299110732081888
40.19109482089944, -0.016467281058312078
40.20505126315135, -0.034608454654220244
40.24072934482297, -0.05303586425142848
40.27314552479881, -0.07327352315415592
40.30553104337041, -0.09381289027446982
40.3378859005378, -0.11465396561237018
40.37019594488362, -0.13593599911443555
40.40246353497744, -0.15763578245623633
40.4320280229318, -0.1789088896796749
40.464585898509426, -0.20054797432681304
40.480591937705384, -0.22073148047253777
40.497334165078726, -0.2369014937135473
40.535030867814214, -0.2560607391411064
40.539943139247214, -0.27556656221348275
40.55334181910865, -0.29636934381607427
40.58364812254544, -0.31779821460155067
40.744504578461815, -0.3349642598808019
40.94173513322437, -0.33312552763166436
41.035863821668, -0.3204611669598939
41.09877317553615, -0.30584878392939874
41.16016501145772, -0.2897220928939913
41.184673169776005, -0.2747037282852397
41.22642234051605, -0.2596402363789857
41.262664513406435, -0.24223012500261387
41.29895621625748, -0.22433263881321797
41.33525067077302, -0.20640807624532065
41.370831343521985, -0.18985357842959205
41.401854709556076, -0.17291459603914394
41.43819869403231, -0.15450265865822232
41.47456194015989, -0.13590118662779105
41.51094444793884, -0.11711017994785033
41.54733245904676, -0.09826502051090691
41.58374523513501, -0.07917617366745133
41.62016076288775, -0.060060250445494456
41.65659280062738, -0.04078186895252933
41.68825745457656, -0.022158243521506082
41.726452058492455, -0.003524772134664067
41.76290886121242, 0.015997296764813207
41.80834552442141, 0.035039726959409045
41.84485382257668, 0.055068510942268944
41.88137391357972, 0.07521333654727735
41.913050681999806, 0.09413972511972502
41.94926533824537, 0.11329819693646981
41.985865620613325, 0.1342321055720892
42.022515432941944, 0.155653389020733
42.06042834998193, 0.17552507049976074
42.09652823006864, 0.19642751400322056
42.12897764622048, 0.2203318947631423
42.1756894897146, 0.2439465582730994
42.194247127729824, 0.26330752272049374
42.20413944016106, 0.283113506788828
42.24904267355551, 0.30498348450978
42.41751408191041, 0.32321327170805625
42.46975918497327, 0.32848578104895654
42.659913593990666, 0.3078410838408462
42.736557271135595, 0.2909579204460779
42.78118556679162, 0.2783304821086276
42.85102156058427, 0.2639627710802265
42.909878746629445, 0.2494949595010022
42.96017550447161, 0.23559575187030635
42.99662824521067, 0.21873361482074805
43.03944949063917, 0.20154088808320159
43.087501934485516, 0.18382293911125303
43.108479213385124, 0.1684463331869448
43.14671817746783, 0.15462293941605287
43.17454117426526, 0.14007028851752434
43.20917545787675, 0.12469812589635476
43.2180016968687, 0.10978445661780822
43.2560170423512, 0.09376065582070603
43.28861876313209, 0.07534871843978419
43.31652639445829, 0.057003241260638604
43.33237298005791, 0.039472516925488255
43.367992097490614, 0.020464899217536914
43.400280914710436, -0.0010260092043963276
43.43247538914804, -0.023445250603518653
43.44317425374838, -0.043354124910158
43.46648910690304, -0.0589230425484375
43.49709931051521, -0.07808634943277182
43.52896977646006, -0.10369383440042879
43.54423646961608, -0.12307600867764901
43.560097063689426, -0.13661419792832674
43.575920968903034, -0.1505134055590226
43.591700847484915, -0.16484583524574015
43.607447706093026, -0.17950318147447375
43.61622258068134, -0.1949222764850458
43.62356879107067, -0.20932329966396657
43.64616179090959, -0.22257267421062987
43.64640613871559, -0.23712893529295875
43.660508969517934, -0.25100287163705326
43.660816055274125, -0.264941791289551
43.6748974230935, -0.279026923385956
43.66672956568989, -0.2934405822081777
43.68758809968378, -0.3096232310924877
43.739225835350084, -0.3244610865112306
43.95359818775748, -0.3351175754785497
44.227152357103094, -0.3252463014877699
44.32289414631137, -0.3092367773266046
44.37689889070434, -0.29257969222505753
44.406852361207, -0.27274907162771334
44.44609859575975, -0.2509403876866655
44.48126719616924, -0.2310475806815543
44.517677220593015, -0.2119858102165999
44.55406523170093, -0.19314065077965648
44.59045324280885, -0.17429549134271305
44.6268357505878, -0.15550448466277245
44.66322376169572, -0.13665932522582902
44.69960351781019, -0.11789539492438972
44.735986025589156, -0.099104388244449
44.77236578170363, -0.08034045794300959
44.80874278615363, -0.0616036040200717
44.845141803919475, -0.04265013906912274
44.881549076678766, -0.023615444982669875
44.91796185276701, -0.0045265981392142995
44.95438838717767, 0.014697630596748001
44.99083143157523, 0.03408431760371855
45.02250033809679, 0.052749788346971194
45.06969295634012, 0.07108225479878494
45.10619417878672, 0.09104141380835562
45.13783656651981, 0.11071671715759324
45.17672248421583, 0.13084369020534814
45.21361994634782, 0.15190613725319368
45.24318382954077, 0.17100956368507314
45.282672966519726, 0.19210206253762907
45.32315899223096, 0.21492744961427168
45.35648086291626, 0.2399460233495242
45.28616482874719, 0.22646198685584917
45.37815022071079, 0.2835660691152078
45.36748476917916, 0.26342124351019935
45.340779865382856, 0.2550546425532805
45.4248734836125, 0.3051730191592895
45.56968792010045, 0.32257994507936677
45.739475036091605, 0.3235234193163445
45.91914121616395, 0.30671637273386676
46.02526410990235, 0.2909254287918763
46.09032126297424, 0.27579022550740945
46.14064070120243, 0.26211419287527027
46.203225558782776, 0.24577975217208892
46.24302588399951, 0.2288176317854671
46.28098729685816, 0.21226313396973828
46.3088066247696, 0.19767438123320802
46.33324654180876, 0.18375351249971117
46.366251840046985, 0.1693127772989882
46.38040773628197, 0.1544191281306062
46.41480554351554, 0.1382619146321611
46.44743052836888, 0.12007889572402353
46.46991437885005, 0.10104420163757066
46.49109944369576, 0.0833633264761856
46.526649769516425, 0.06367879930570008
46.55887018821913, 0.041514849475304816
46.58368233994683, 0.019142024725042006
46.60352970275946, -0.0008296310746062074
46.62498901683189, -0.017261521494351895
46.65557537268522, -0.03665949032569793
46.68745822112024, -0.0621451315900986
46.71519548468508, -0.08851593152227188
46.73451626986724, -0.10791323671689002
46.750369526168654, -0.12152362964357133
46.76620810692614, -0.1352784299222599
46.78202100548182, -0.14928594306696108
46.79783023515152, -0.1633295580496641
46.81362112039133, -0.17755368222237622
46.82939366120128, -0.19195831558509735
46.84514418869534, -0.20657955997582933
46.85394988192587, -0.2216953995471861
46.86966738944615, -0.23664156047993423
46.885361782984816, -0.25181516299209383
46.8926966198276, -0.2663281018688203
46.90852419392719, -0.2801912076615144
46.9322848167279, -0.29608504184181006
46.963585000208894, -0.3131702366761654
47.053724025305186, -0.3282000882333723
47.1808357902118, -0.3379045084371536
47.38649696251204, -0.3191889288116093
47.4690272422211, -0.30060679705153637
47.50927859026153, -0.2861480109318125
47.57378861237389, -0.26922140631439373
47.6213043546464, -0.25233502945931974
47.65728291807942, -0.23751883514337824
47.68806707274791, -0.2229336925906481
47.73355725642669, -0.2070357559287611
47.76706112291552, -0.1919005526442944
47.799276009700534, -0.17711389619580875
47.83807773086167, -0.1602157745220083
47.874355675390305, -0.142453670225119
47.909948455462995, -0.12578003634398438
47.94098447915371, -0.10871650261243027
47.97737249026163, -0.08987134317548684
48.00902488679631, -0.07136833070324222
48.05276873206368, -0.05249136125519238
48.09271872748624, -0.03307670524185802
48.124393923526625, -0.014165788885696973
48.160636096416994, 0.005263446716061493
48.19727411589784, 0.026568688542556562
48.23264630924089, 0.047532946525507214
48.26807837396497, 0.06908633889782789
48.301840934300344, 0.08912226390358924
48.342516303254115, 0.11101507802069477
48.37948835514831, 0.13560719879455085
48.41648255794158, 0.16041728441534286
48.45977642139958, 0.18361361787745412
48.47252625877621, 0.20306799583067803
48.49124491502471, 0.21765313838340816
48.511787007603175, 0.2332202509297875
48.532046825266875, 0.2799310653014009
48.52141232996067, 0.2600908489545326
48.51888630196633, 0.24734947884260905
48.57301979731767, 0.3014906316831052
48.698052679708226, 0.3191281846388881
48.85015368560671, 0.3232654552738952
49.00009838715667, 0.3061846911196583
49.07374193413824, 0.29073638644015765
49.11597327987927, 0.2761092344759345
49.15337885651259, 0.25973885603401503
49.18576277246642, 0.2413581606282872
49.215860901901834, 0.2244041820897461
49.23507302331407, 0.20992373486722116
49.26274045934613, 0.19384036603741606
49.27853781516667, 0.17813803569779363
49.311481242645954, 0.15978447076922553
49.34386911978713, 0.13926831197334133
49.376292375471635, 0.11910027804390311
49.4087392168517, 0.09916432735876224
49.441181341092644, 0.07918196002476197
49.4895225827097, 0.05815521809142343
49.51629271002565, 0.03641080335648883
49.55386986352272, 0.016944970012360505
49.58634500773745, -0.002712480779623605
49.618809145294264, -0.022478237085612918
49.65127878618003, -0.04218984063459985
49.68375393039477, -0.06184729142658396
49.7111105553403, -0.08185881793743188
49.74868770883734, -0.10132465128156021
49.78115734972312, -0.12103625483054692
49.79510828864608, -0.1392315811834578
49.846671336276444, -0.15884261532658228
49.873446906445224, -0.18053347238975626
49.8924869429941, -0.19866423199393302
49.928166990140326, -0.21707230132078303
49.960580811546606, -0.2373331685479404
49.99294274442268, -0.25810461891255143
50.025257505907604, -0.2793402357657574
50.05494754233369, -0.299377946027244
50.114119335351305, -0.3172733494182939
50.28770686152279, -0.3344609346193511
50.53488984500953, -0.32246420359675565
50.611576670370184, -0.30282706008864746
50.66938363780477, -0.2852274140627665
50.704930740247065, -0.2690032480647543
50.73865657946875, -0.25156522719054275
50.77374919160518, -0.23242014479173834
50.814470650939015, -0.21442268428172184
50.85068805884907, -0.1972562603118626
50.88689170843671, -0.18022521823450988
50.92802612910931, -0.16251310109793093
50.96229006690375, -0.1449988498042465
50.99846619984656, -0.12823857151190743
51.03464508445387, -0.11145121684106707
51.07684969094342, -0.0940806786332744
51.10314952278861, -0.077246366326991
51.14318173827576, -0.06108915282854588
51.17937162954098, -0.044193492643700094
51.215561520806204, -0.02729783245885431
51.246195051028636, -0.011111081092953001
51.28494749238041, 0.0053021272567777
51.32114839030356, 0.02230609295562891
51.35736854987809, 0.039499593303989666
51.393616226097436, 0.056963857437363985
51.429866653981264, 0.0744551979492395
51.46816732205538, 0.09156254618418691
51.497961036580975, 0.10956701247045886
51.53806760473638, 0.12716749161567842
51.57445307584632, 0.14468299258837058
51.605442109574355, 0.16258880997115166
51.64469460340787, 0.18135274027259096
51.674300396567546, 0.20086856077702953
51.7173660623734, 0.22205240521419978
51.73392741366814, 0.2396391577265088
51.75838306105591, 0.2682746843565673
51.75237383857723, 0.2515455438995049
51.77349726613856, 0.2897936361705196
51.851332498670715, 0.30942401058400226
51.997432234400875, 0.32235135673568943
52.21174110983962, 0.3013784581150281
52.261790384645934, 0.28394267692527214
52.319826490686495, 0.26653502703785525
52.35202646845305, 0.24982348622681871
52.388133809783824, 0.23198556807012571
52.41731686261248, 0.21385522502561805
52.43476791875632, 0.19900653905547472
52.474057785196536, 0.18318901103277374
52.50198392772015, 0.1650256840362736
52.52989456086215, 0.14670974472458398
52.564342148207714, 0.1284725730594437
52.596872325712084, 0.10935664983748672
52.629383241565094, 0.0900511919660203
52.661896909082586, 0.07077281047305528
52.69441057660006, 0.05149442898009027
52.72691874078858, 0.03216189473012232
52.75942690497709, 0.012829360480154484
52.791929565836654, -0.006557326526815954
52.82444048168965, -0.02586278439828249
52.85692938422679, -0.04538485329775965
52.88941003177048, -0.06498815133274105
52.903360970693456, -0.08318347768565215
52.93904612807373, -0.10154126230957095
52.97148589374511, -0.12154683796800103
53.00390914942962, -0.14171487189743925
53.03633240511412, -0.16188290582687748
53.06871084797707, -0.1824918979204806
53.101060988005344, -0.20337938990724058
53.13337103235118, -0.22466142340930595
53.16562211245811, -0.24652366502211465
53.18792474617837, -0.26936065626097216
53.210439651158694, -0.2901088983011536
53.25263917765227, -0.3109963902879137
53.35230314107547, -0.33200114538758163
53.570300759714684, -0.3390784628478908
53.75666863650049, -0.32243035812362886
53.83575697703769, -0.3074300444338779
53.91644403463883, -0.2908322244125471
53.95670730655867, -0.2762561073193174
54.01399921884668, -0.26046294172575746
54.072135962686104, -0.24287995808664642
54.09963242863169, -0.22672438558083774
54.145111605652545, -0.2109347544329564
54.17860886814661, -0.1958645344568929
54.21081835166321, -0.181131046169828
54.249623825094076, -0.1641960021617076
54.285918279609604, -0.14627143959381017
54.32152261667309, -0.1294840849229698
54.35255533836644, -0.1124530428456173
54.388962611125734, -0.09341834875916433
54.42060325054854, -0.07503102626778935
54.46434086127542, -0.056215404698301885
54.50428015242075, -0.03690607877276386
54.535923084439105, -0.01722541965635005
54.574975553431486, 0.0017447076813688067
54.60874827375878, 0.021880607007750408
54.645362707544066, 0.042953765589948345
54.68200072702491, 0.06425900741644353
54.71865289792309, 0.08570349918951703
54.75405303124394, 0.1069426865541736
54.78947602454666, 0.1284068161402262
54.82864714773051, 0.15040830769961322
54.86028971689203, 0.17101729979321645
54.90083618094813, 0.19443740018337097
54.937925866498915, 0.22018703613816004
54.978644732918156, 0.24250786531542168
55.01830313254048, 0.26671553622786426
54.941337242540286, 0.2537549763852155
55.03105911530113, 0.28858602968935915
55.09845228142731, 0.30414657826519265
55.21172919393604, 0.3186959043699447
55.18200332145142, 0.3322223212821436
55.415438026104255, 0.2971313347443869
55.378653775310966, 0.31678878553637096
55.47819065183424, 0.27859304093045884
55.525356015496044, 0.26214865372063567
55.557595617231144, 0.2458270127600185
55.59954364159107, 0.22892593729947242
55.63180800830651, 0.21284798374536762
55.65961706333722, 0.1981581458624322
55.69423887273639, 0.18266323699205655
55.703078319717875, 0.16787953433031644
55.741125034175454, 0.15216440424812971
55.773812056555286, 0.13459183460075008
55.806463307296866, 0.11666727203285265
55.83909804805154, 0.0985802511939472
55.87169426550348, 0.08011416105602287
55.90427672463301, 0.061512689025591705
55.93220361761057, 0.043356746495955445
55.96665695843643, 0.02517618907677266
56.00331801932754, 0.005393770384013119
56.02979264921578, -0.014005792103643389
56.064214470975756, -0.03249649713111458
56.09669236685498, -0.052126871544597164
56.11065156077139, -0.07024096876200403
56.14633514577196, -0.08861422560220955
56.17878198715202, -0.10855017628735053
56.21120524283651, -0.12871821021678864
56.24362849852103, -0.14888624414622686
56.27600929995354, -0.16947202791540017
56.30837830853825, -0.19017385330672232
56.34071901428831, -0.2111541785912011
56.3730361343428, -0.23236658711997749
56.405296648727955, -0.25413599543506715
56.434277572145675, -0.2778897154888992
56.45663484606065, -0.2981699229864144
56.507241100641195, -0.31710017961293346
56.697876328589004, -0.33339328293017767
56.952550825636706, -0.3186524069586162
57.03094354539287, -0.30052015264033216
57.0926965998155, -0.2864926193854661
57.147492495853015, -0.27025417675151686
57.20890774208931, -0.25194013089286915
57.23572645190637, -0.2359303542712986
57.27485878972418, -0.22091855363309254
57.312618630651954, -0.2039933555807908
57.339472874784235, -0.18644786231191246
57.386704516632946, -0.1677314035831703
57.41838010576825, -0.14881661917293765
57.454654905537495, -0.12906633508323462
57.49000931889465, -0.10827703216136964
57.5254072750744, -0.08705926786541751
57.56214199590703, -0.06480248473730332
57.596097414660704, -0.04286883289548005
57.63794201876942, -0.020777840515727952
57.67464482029406, 0.0011648566217705714
57.71244360978183, 0.02399836661196364
57.744805660586366, 0.04704307235446736
57.78395868174886, 0.07048173940416569
57.820905968662714, 0.09483017277150951
57.85788833929871, 0.11952382996474575
57.89489134741834, 0.14442055999674208
57.93191086552484, 0.16947974829974655
57.97297096012899, 0.1943908128850671
58.01006404479473, 0.22017389613094618
58.04526761001958, 0.24465731320876005
58.07745107779924, 0.26735814894429644
58.11779543209914, 0.2883856644884491
58.172610916908994, 0.3069913021155728
58.272790795937595, 0.32544549054866145
58.48691801434916, 0.3305490010907598
58.64538882334152, 0.31333285504401615
58.72769636117114, 0.29705010560888284
58.776997433389724, 0.28234763208264685
58.838189448439635, 0.2677263876919149
58.8694461556218, 0.2530401599927796
58.917282445639785, 0.23710925200192057
58.96567448721652, 0.21751428516032434
58.98662156836231, 0.2018405333386165
59.024752300308734, 0.18695213534667132
59.030164274011625, 0.17236338261014095
59.06666840536069, 0.1556031043178019
59.08700155488283, 0.13801970411902165
59.117378043906754, 0.1195180278836383
59.143423727512186, 0.09716841145780508
59.15558251642955, 0.07702537110852203
59.19153424553093, 0.05320501901011698
59.21081985257109, 0.033461560898187415
59.22663642001274, 0.019490149591487982
59.24240896082267, 0.005085516228766851
59.25121318649879, -0.010044764077790647
59.26692409002433, -0.025055908318942
59.27428057329439, -0.039355846351457946
59.290119154051894, -0.05311064663014642
59.31081423917554, -0.06807485848189565
59.32645580075615, -0.08376832746128127
59.337201967779265, -0.09863506435042557
59.36030427569865, -0.11458223079140561
59.36845720740705, -0.1302963762780105
59.39157719268614, -0.14606959749952741
59.410242483320445, -0.162847106214549
59.42894079392853, -0.17929969838755455
59.44616421237434, -0.19484646262524186
59.461940422070256, -0.20921499414996114
59.47776065839787, -0.22315030361865884
59.493646934673066, -0.23643578000332377
59.52930575469328, -0.2530336000246548
59.55292179003307, -0.2699218757426366
59.576827917516255, -0.2848122429257457
59.62120387958332, -0.3017826854893094
59.67328109537688, -0.3203725533575258
59.731938327136376, -0.3368079151078486
59.79530169134965, -0.3452982937950594
